<?xml version="1.0"?>
<!DOCTYPE hibernate-mapping PUBLIC "-//Hibernate/Hibernate Mapping DTD 3.0//EN"
"http://www.hibernate.org/dtd/hibernate-mapping-3.0.dtd">
<!-- Generated 2017-4-18 15:09:28 by Hibernate Tools 5.2.0.CR1 -->
<hibernate-mapping>
    <class name="hibernate.ElecEquip" table="elec_equip" catalog="psm" optimistic-lock="version">
        <id name="id" type="java.lang.Integer">
            <column name="id" />
            <generator class="identity" />
        </id>
        <property name="equipNo" type="string">
            <column name="equip_no">
                <comment>&#201;&#232;&#177;&#184;&#177;&#224;&#186;&#197;</comment>
            </column>
        </property>
        <property name="name" type="string">
            <column name="name">
                <comment>&#201;&#232;&#177;&#184;&#195;&#251;&#179;&#198;</comment>
            </column>
        </property>
        <property name="type" type="string">
            <column name="type">
                <comment>&#208;&#205;&#186;&#197;&#188;&#176;&#185;&#230;&#184;&#241;</comment>
            </column>
        </property>
        <property name="manuUnit" type="string">
            <column name="manu_unit">
                <comment>&#214;&#198;&#212;&#236;&#181;&#165;&#206;&#187;</comment>
            </column>
        </property>
        <property name="quantity" type="string">
            <column name="quantity">
                <comment>&#202;&#253;&#193;&#191;</comment>
            </column>
        </property>
        <property name="unit" type="string">
            <column name="unit">
                <comment>&#181;&#165;&#206;&#187;</comment>
            </column>
        </property>
        <property name="purpose" type="string">
            <column name="purpose">
                <comment>&#211;&#195;&#205;&#190;</comment>
            </column>
        </property>
        <property name="inDate" type="timestamp">
            <column name="in_date" length="19">
                <comment>&#189;&#248;&#179;&#161;&#202;&#177;&#188;&#228;</comment>
            </column>
        </property>
        <property name="registNo" type="string">
            <column name="regist_no">
                <comment>&#202;&#185;&#211;&#195;&#177;&#224;&#186;&#197;</comment>
            </column>
        </property>
        <property name="usePlace" type="string">
            <column name="use_place">
                <comment>&#202;&#185;&#211;&#195;&#181;&#216;&#181;&#227;</comment>
            </column>
        </property>
        <property name="responser" type="string">
            <column name="responser">
                <comment>&#212;&#240;&#200;&#206;&#200;&#203;</comment>
            </column>
        </property>
        <property name="accessory" type="string">
            <column name="Accessory">
                <comment>&#184;&#189;&#188;&#254;</comment>
            </column>
        </property>
        <property name="projectName" type="string">
            <column name="ProjectName" length="200" />
        </property>
    </class>
</hibernate-mapping>
