<?xml version="1.0"?>
<!DOCTYPE hibernate-mapping PUBLIC "-//Hibernate/Hibernate Mapping DTD 3.0//EN"
"http://www.hibernate.org/dtd/hibernate-mapping-3.0.dtd">
<!-- Generated 2017-3-6 15:08:42 by Hibernate Tools 5.1.0.Beta1 -->
<hibernate-mapping>
    <class name="hibernate.Emeapproval" table="emeapproval" catalog="psm" optimistic-lock="version">
        <id name="id" type="java.lang.Integer">
            <column name="ID" />
            <generator class="identity" />
        </id>
        <property name="name" type="string">
            <column name="Name" length="20">
                <comment>
                &#211;&#166;&#188;&#177;&#212;&#164;&#176;&#184;/&#207;&#214;&#179;&#161;&#180;&#166;&#214;&#195;&#183;&#189;&#176;&#184;&#195;&#251;&#179;&#198;</comment>
            </column>
        </property>
        <property name="bzperson" type="string">
            <column name="Bzperson" length="20">
                <comment>&#177;&#224;&#214;&#198;&#200;&#203;</comment>
            </column>
        </property>
        <property name="bztime" type="date">
            <column name="Bztime" length="10">
                <comment>&#177;&#224;&#214;&#198;&#202;&#177;&#188;&#228;</comment>
            </column>
        </property>
        <property name="shperson" type="string">
            <column name="Shperson" length="20">
                <comment>&#201;&#243;&#186;&#203;&#200;&#203;</comment>
            </column>
        </property>
        <property name="shtime" type="date">
            <column name="Shtime" length="10">
                <comment>&#201;&#243;&#186;&#203;&#202;&#177;&#188;&#228;</comment>
            </column>
        </property>
        <property name="pzperson" type="string">
            <column name="Pzperson" length="20">
                <comment>&#197;&#250;&#215;&#188;&#200;&#203;</comment>
            </column>
        </property>
        <property name="pztime" type="date">
            <column name="Pztime" length="10">
                <comment>&#197;&#250;&#215;&#188;&#202;&#177;&#188;&#228;</comment>
            </column>
        </property>
        <property name="accessory" type="string">
            <column name="Accessory" length="500">
                <comment>&#184;&#189;&#188;&#254;</comment>
            </column>
        </property>
    </class>
</hibernate-mapping>
