<?xml version="1.0"?>
<!DOCTYPE hibernate-mapping PUBLIC "-//Hibernate/Hibernate Mapping DTD 3.0//EN"
"http://www.hibernate.org/dtd/hibernate-mapping-3.0.dtd">
<!-- Generated 2017-3-7 15:30:53 by Hibernate Tools 5.1.0.Beta1 -->
<hibernate-mapping>
    <class name="hibernate.Emepractice" table="emepractice" catalog="psm" optimistic-lock="version">
        <id name="id" type="java.lang.Integer">
            <column name="ID" />
            <generator class="identity" />
        </id>
        <property name="time" type="date">
            <column name="Time" length="10">
                <comment>&#197;&#224;&#209;&#181;&#211;&#235;&#209;&#221;&#193;&#183;&#202;&#177;&#188;&#228;</comment>
            </column>
        </property>
        <property name="content" type="string">
            <column name="Content" length="500">
                <comment>&#197;&#224;&#209;&#181;&#211;&#235;&#209;&#221;&#193;&#183;&#196;&#218;&#200;&#221;</comment>
            </column>
        </property>
        <property name="accessory" type="string">
            <column name="Accessory" length="500">
                <comment>&#184;&#189;&#188;&#254;</comment>
            </column>
        </property>
    </class>
</hibernate-mapping>
