<?xml version="1.0"?>
<!DOCTYPE hibernate-mapping PUBLIC "-//Hibernate/Hibernate Mapping DTD 3.0//EN"
"http://www.hibernate.org/dtd/hibernate-mapping-3.0.dtd">
<!-- Generated 2017-4-19 10:22:30 by Hibernate Tools 5.2.0.CR1 -->
<hibernate-mapping>
    <class name="hibernate.Fbplan" table="fbplan" catalog="psm" optimistic-lock="version">
        <id name="id" type="java.lang.Integer">
            <column name="ID" />
            <generator class="identity" />
        </id>
        <property name="no" type="string">
            <column name="No" length="20">
                <comment>&#208;&#242;&#186;&#197;</comment>
            </column>
        </property>
        <property name="name" type="string">
            <column name="Name" length="100">
                <comment>&#183;&#214;&#176;&#252;&#181;&#165;&#206;&#187;&#195;&#251;&#179;&#198;</comment>
            </column>
        </property>
        <property name="planName" type="string">
            <column name="PlanName" length="100">
                <comment>&#176;&#178;&#200;&#171;&#201;&#250;&#178;&#250;&#188;&#198;&#187;&#174;&#195;&#251;&#179;&#198;</comment>
            </column>
        </property>
        <property name="date" type="date">
            <column name="Date" length="10">
                <comment>&#177;&#168;&#177;&#184;&#202;&#177;&#188;&#228;</comment>
            </column>
        </property>
        <property name="accessory" type="string">
            <column name="Accessory" length="500">
                <comment>&#176;&#178;&#200;&#171;&#201;&#250;&#178;&#250;&#188;&#198;&#187;&#174;</comment>
            </column>
        </property>
        <property name="projectName" type="string">
            <column name="ProjectName" length="200" />
        </property>
    </class>
</hibernate-mapping>
