<?xml version="1.0"?>
<!DOCTYPE hibernate-mapping PUBLIC "-//Hibernate/Hibernate Mapping DTD 3.0//EN"
"http://www.hibernate.org/dtd/hibernate-mapping-3.0.dtd">
<!-- Generated 2017-4-10 9:48:10 by Hibernate Tools 5.1.0.Beta1 -->
<hibernate-mapping>
    <class name="hibernate.Fbsystem" table="fbsystem" catalog="psm" optimistic-lock="version">
        <id name="id" type="java.lang.Integer">
            <column name="ID" />
            <generator class="identity" />
        </id>
        <property name="fbUnit" type="string">
            <column name="FbUnit" length="200">
                <comment>&#183;&#214;&#176;&#252;&#181;&#165;&#206;&#187;</comment>
            </column>
        </property>
        <property name="uploadDate" type="timestamp">
            <column name="UploadDate" length="19">
                <comment>&#201;&#207;&#180;&#171;&#202;&#177;&#188;&#228;</comment>
            </column>
        </property>
        <property name="accessory" type="string">
            <column name="Accessory">
                <comment>&#184;&#189;&#188;&#254;</comment>
            </column>
        </property>
        <property name="projectName" type="string">
            <column name="ProjectName" length="200" />
        </property>
    </class>
</hibernate-mapping>
