<?xml version="1.0"?>
<!DOCTYPE hibernate-mapping PUBLIC "-//Hibernate/Hibernate Mapping DTD 3.0//EN"
"http://www.hibernate.org/dtd/hibernate-mapping-3.0.dtd">
<!-- Generated 2017-4-18 10:04:40 by Hibernate Tools 5.2.0.CR1 -->
<hibernate-mapping>
    <class name="hibernate.Fbtestjudge" table="fbtestjudge" catalog="psm" optimistic-lock="version">
        <id name="id" type="java.lang.Integer">
            <column name="ID" />
            <generator class="identity" />
        </id>
        <property name="no" type="string">
            <column name="No" length="20">
                <comment>&#191;&#188;&#186;&#203;&#208;&#242;&#186;&#197;</comment>
            </column>
        </property>
        <property name="tester" type="string">
            <column name="Tester" length="20">
                <comment>&#191;&#188;&#186;&#203;&#183;&#214;&#176;&#252;&#183;&#189;</comment>
            </column>
        </property>
        <property name="time" type="date">
            <column name="Time" length="10">
                <comment>&#191;&#188;&#186;&#203;&#202;&#177;&#188;&#228;</comment>
            </column>
        </property>
        <property name="result" type="string">
            <column name="Result" length="20">
                <comment>&#191;&#188;&#186;&#203;&#189;&#225;&#185;&#251;</comment>
            </column>
        </property>
        <property name="accessory" type="string">
            <column name="Accessory" length="500">
                <comment>&#184;&#189;&#188;&#254;</comment>
            </column>
        </property>
        <property name="projectName" type="string">
            <column name="ProjectName" length="200" />
        </property>
    </class>
</hibernate-mapping>
