<?xml version="1.0"?>
<!DOCTYPE hibernate-mapping PUBLIC "-//Hibernate/Hibernate Mapping DTD 3.0//EN"
"http://www.hibernate.org/dtd/hibernate-mapping-3.0.dtd">
<!-- Generated 2017-3-31 14:34:12 by Hibernate Tools 5.2.0.CR1 -->
<hibernate-mapping>
    <class name="hibernate.Fenbaoyinhuanpczlgzfa" table="fenbaoyinhuanpczlgzfa" catalog="psm" optimistic-lock="version">
        <id name="id" type="java.lang.Integer">
            <column name="ID" />
            <generator class="identity" />
        </id>
        <property name="year" type="string">
            <column name="year" length="10" />
        </property>
        <property name="fenbaoname" type="string">
            <column name="fenbaoname" length="50" />
        </property>
        <property name="workname" type="string">
            <column name="workname" length="50" />
        </property>
        <property name="filename" type="string">
            <column name="filename" length="50" />
        </property>
        <property name="uploadtime" type="date">
            <column name="uploadtime" length="10" />
        </property>
        <property name="accessory" type="string">
            <column name="Accessory" length="500" />
        </property>
        <property name="projectName" type="string">
            <column name="ProjectName" length="200" />
        </property>
    </class>
</hibernate-mapping>
