<?xml version="1.0"?>
<!DOCTYPE hibernate-mapping PUBLIC "-//Hibernate/Hibernate Mapping DTD 3.0//EN"
"http://www.hibernate.org/dtd/hibernate-mapping-3.0.dtd">
<!-- Generated 2016-10-20 16:15:30 by Hibernate Tools 5.2.0.Beta1 -->
<hibernate-mapping>
    <class name="hibernate.Fenbaosaftycostsum" table="fenbaosaftycostsum" catalog="psm" optimistic-lock="version">
        <id name="id" type="java.lang.Integer">
            <column name="ID" />
            <generator class="identity" />
        </id>
        <property name="regtime" type="java.sql.Date">
			<column name="regtime" length="19" />
		</property>
        <property name="costkind" type="string">
            <column name="costkind" length="50" />
        </property>
        <property name="repoter" type="string">
            <column name="repoter" length="50" />
        </property>
        <property name="cost" type="java.lang.Integer">
            <column name="cost" />
        </property>
        <property name="sumcost" type="java.lang.Integer">
            <column name="sumcost" />
        </property>
    </class>
</hibernate-mapping>
