<?xml version="1.0"?>
<!DOCTYPE hibernate-mapping PUBLIC "-//Hibernate/Hibernate Mapping DTD 3.0//EN"
"http://www.hibernate.org/dtd/hibernate-mapping-3.0.dtd">
<!-- Generated 2017-7-18 10:21:16 by Hibernate Tools 5.1.0.Beta1 -->
<hibernate-mapping>
    <class name="hibernate.Fileupload" table="fileupload" catalog="psm" optimistic-lock="version">
        <id name="id" type="java.lang.Integer">
            <column name="ID" />
            <generator class="identity" />
        </id>
        <property name="fileName" type="string">
            <column name="FileName" length="200" />
        </property>
        <property name="year" type="string">
            <column name="Year" length="4" />
        </property>
        <property name="month" type="string">
            <column name="Month" length="2" />
        </property>
        <property name="title" type="string">
            <column name="Title" length="20" />
        </property>
        <property name="projectName" type="string">
            <column name="ProjectName" length="200" />
        </property>
    </class>
</hibernate-mapping>
