<?xml version="1.0"?>
<!DOCTYPE hibernate-mapping PUBLIC "-//Hibernate/Hibernate Mapping DTD 3.0//EN"
"http://www.hibernate.org/dtd/hibernate-mapping-3.0.dtd">
<!-- Generated 2017-4-18 10:59:20 by Hibernate Tools 5.2.0.CR1 -->
<hibernate-mapping>
    <class name="hibernate.Gongtitai" table="gongtitai" catalog="psm" optimistic-lock="version">
        <id name="id" type="java.lang.Integer">
            <column name="ID" />
            <generator class="identity" />
        </id>
        <property name="repoter" type="string">
            <column name="repoter" length="50" />
        </property>
        <property name="gangwei" type="string">
            <column name="gangwei" length="20" />
        </property>
        <property name="name" type="string">
            <column name="name" length="20" />
        </property>
        <property name="sex" type="string">
            <column name="sex" length="20" />
        </property>
        <property name="tijiantime" type="date">
            <column name="tijiantime" length="10" />
        </property>
        <property name="tijianplace" type="string">
            <column name="tijianplace" length="20" />
        </property>
        <property name="tijianresult" type="string">
            <column name="tijianresult" length="20" />
        </property>
        <property name="type" type="string">
            <column name="type" length="20" />
        </property>
        <property name="accessory" type="string">
            <column name="Accessory" length="500" />
        </property>
        <property name="projectName" type="string">
            <column name="ProjectName" length="200" />
        </property>
    </class>
</hibernate-mapping>
