<?xml version="1.0"?>
<!DOCTYPE hibernate-mapping PUBLIC "-//Hibernate/Hibernate Mapping DTD 3.0//EN"
"http://www.hibernate.org/dtd/hibernate-mapping-3.0.dtd">
<!-- Generated 2017-9-25 3:24:24 by Hibernate Tools 5.2.0.CR1 -->
<hibernate-mapping>
    <class name="hibernate.Kaoheresult" table="kaoheresult" catalog="psm" optimistic-lock="version">
        <id name="id" type="java.lang.Integer">
            <column name="ID" />
            <generator class="identity" />
        </id>
        <property name="year" type="java.lang.Integer">
            <column name="year" />
        </property>
        <property name="month" type="string">
            <column name="month" length="10" />
        </property>
        <property name="score" type="java.lang.Integer">
            <column name="score" />
        </property>
        <property name="reason" type="string">
            <column name="reason" length="200" />
        </property>
        <property name="accessory" type="string">
            <column name="Accessory" length="500" />
        </property>
        <property name="projectName" type="string">
            <column name="ProjectName" length="200" />
        </property>
    </class>
</hibernate-mapping>
