<?xml version="1.0"?>
<!DOCTYPE hibernate-mapping PUBLIC "-//Hibernate/Hibernate Mapping DTD 3.0//EN"
"http://www.hibernate.org/dtd/hibernate-mapping-3.0.dtd">
<!-- Generated 2017-3-21 10:06:14 by Hibernate Tools 5.2.0.CR1 -->
<hibernate-mapping>
    <class name="hibernate.Koufen" table="koufen" catalog="psm" optimistic-lock="version">
        <id name="id" type="java.lang.Integer">
            <column name="ID" />
            <generator class="identity" />
        </id>
        <property name="koufenx" type="string">
            <column name="koufenx" length="200" />
        </property>
        <property name="koufenzhi" type="string">
            <column name="koufenzhi" length="50" />
        </property>
        <property name="koufenzq" type="string">
            <column name="koufenzq" length="100" />
        </property>
        <property name="kaoheqidian" type="string">
            <column name="kaoheqidian" length="100" />
        </property>
        <property name="duiykub" type="string">
            <column name="duiykub" length="100" />
        </property>
        <property name="duiyzid" type="string">
            <column name="duiyzid" length="100" />
        </property>
        <property name="baohfile" type="string">
            <column name="baohfile" length="100" />
        </property>
        <property name="accessory" type="string">
            <column name="Accessory" length="500" />
        </property>
    </class>
</hibernate-mapping>
