<?xml version="1.0"?>
<!DOCTYPE hibernate-mapping PUBLIC "-//Hibernate/Hibernate Mapping DTD 3.0//EN"
"http://www.hibernate.org/dtd/hibernate-mapping-3.0.dtd">
<!-- Generated 2017-4-18 10:04:40 by Hibernate Tools 5.2.0.CR1 -->
<hibernate-mapping>
    <class name="hibernate.Occuevaluation" table="occuevaluation" catalog="psm" optimistic-lock="version">
        <id name="id" type="java.lang.Integer">
            <column name="ID" />
            <generator class="identity" />
        </id>
        <property name="no" type="string">
            <column name="No" length="20">
                <comment>&#198;&#192;&#188;&#219;&#208;&#242;&#186;&#197;</comment>
            </column>
        </property>
        <property name="date" type="date">
            <column name="Date" length="10">
                <comment>&#198;&#192;&#188;&#219;&#202;&#177;&#188;&#228;</comment>
            </column>
        </property>
        <property name="accessory" type="string">
            <column name="Accessory" length="500">
                <comment>&#184;&#189;&#188;&#254;</comment>
            </column>
        </property>
        <property name="projectName" type="string">
            <column name="ProjectName" length="200" />
        </property>
    </class>
</hibernate-mapping>
