<?xml version="1.0"?>
<!DOCTYPE hibernate-mapping PUBLIC "-//Hibernate/Hibernate Mapping DTD 3.0//EN"
"http://hibernate.sourceforge.net/hibernate-mapping-3.0.dtd">
<!-- Generated 2016-12-8 16:47:11 by Hibernate Tools 5.1.0.Beta1 -->
<hibernate-mapping auto-import="true" default-access="property" default-cascade="none" default-lazy="true">
    <class catalog="psm" dynamic-insert="false" dynamic-update="false" mutable="true" name="hibernate.PrescribedActionDynamic" optimistic-lock="version" polymorphism="implicit" select-before-update="false" table="prescribed_action_dynamic">
        <id name="id" type="int">
            <column name="id"/>
            <generator class="assigned"/>
        </id>
        <property generated="never" lazy="false" name="project" optimistic-lock="true" type="string" unique="false">
            <column name="project"/>
        </property>
        <property generated="never" lazy="false" name="actionId" optimistic-lock="true" type="java.lang.Integer" unique="false">
            <column name="action_id"/>
        </property>
        <property generated="never" lazy="false" name="isDone" optimistic-lock="true" type="java.lang.Boolean" unique="false">
            <column name="is_done"/>
        </property>
        <property generated="never" lazy="false" name="completedDate" optimistic-lock="true" type="timestamp" unique="false">
            <column length="19" name="completed_date"/>
        </property>
    </class>
</hibernate-mapping>
