<?xml version="1.0"?>
<!DOCTYPE hibernate-mapping PUBLIC "-//Hibernate/Hibernate Mapping DTD 3.0//EN"
"http://www.hibernate.org/dtd/hibernate-mapping-3.0.dtd">
<!-- Generated 2017-3-31 16:13:52 by Hibernate Tools 5.1.0.Final -->
<hibernate-mapping>
    <class name="hibernate.Prodepartdoc" table="prodepartdoc" catalog="psm" optimistic-lock="version">
        <id name="id" type="int">
            <column name="ID" />
            <generator class="assigned" />
        </id>
        <property name="type" type="string">
            <column name="Type" length="64">
                <comment>&#206;&#196;&#188;&#254;&#192;&#224;&#208;&#205;</comment>
            </column>
        </property>
        <property name="uploadDate" type="timestamp">
            <column name="UploadDate" length="19">
                <comment>&#201;&#207;&#180;&#171;&#202;&#177;&#188;&#228;</comment>
            </column>
        </property>
        <property name="accessory" type="string">
            <column name="Accessory">
                <comment>&#184;&#189;&#188;&#254;</comment>
            </column>
        </property>
        <property name="projectName" type="string">
            <column name="ProjectName" length="200" />
        </property>
    </class>
</hibernate-mapping>
