<?xml version="1.0"?>
<!DOCTYPE hibernate-mapping PUBLIC "-//Hibernate/Hibernate Mapping DTD 3.0//EN"
"http://www.hibernate.org/dtd/hibernate-mapping-3.0.dtd">
<!-- Generated 2017-1-3 11:02:57 by Hibernate Tools 5.1.0.Beta1 -->
<hibernate-mapping>
    <class name="hibernate.Project" table="project" catalog="psm" optimistic-lock="version">
        <id name="id" type="java.lang.Integer">
            <column name="ID" />
            <generator class="identity" />
        </id>
        <property name="no" type="string">
            <column name="No" length="20" />
        </property>
        <property name="name" type="string">
            <column name="Name" length="200" />
        </property>
        <property name="scale" type="string">
            <column name="Scale" length="100" />
        </property>
        <property name="buildUnit" type="string">
            <column name="BuildUnit" length="100" />
        </property>
        <property name="place" type="string">
            <column name="Place" length="100" />
        </property>
        <property name="buildContent" type="string">
            <column name="BuildContent" length="500" />
        </property>
        <property name="manager" type="string">
            <column name="Manager" length="20">
                <comment>&#207;&#238;&#196;&#191;&#190;&#173;&#192;&#237;</comment>
            </column>
        </property>
        <property name="cost" type="string">
            <column name="Cost" length="10">
                <comment>&#189;&#168;&#176;&#178;&#183;&#209;&#211;&#195;</comment>
            </column>
        </property>
        <property name="fileTime" type="date">
            <column name="FileTime" length="10">
                <comment>&#186;&#207;&#205;&#172;&#200;&#213;&#198;&#218;</comment>
            </column>
        </property>
        <property name="startTime" type="date">
            <column name="StartTime" length="10">
                <comment>&#191;&#170;&#185;&#164;&#200;&#213;&#198;&#218;</comment>
            </column>
        </property>
        <property name="progress" type="string">
            <column name="Progress" length="100" />
        </property>
        <property name="accessory" type="string">
            <column name="Accessory" length="500" />
        </property>
    </class>
</hibernate-mapping>
