<?xml version="1.0"?>
<!DOCTYPE hibernate-mapping PUBLIC "-//Hibernate/Hibernate Mapping DTD 3.0//EN"
"http://www.hibernate.org/dtd/hibernate-mapping-3.0.dtd">
<!-- Generated 2017-2-2 1:00:45 by Hibernate Tools 5.2.0.CR1 -->
<hibernate-mapping>
    <class name="hibernate.Projectmanagement" table="projectmanagement" catalog="psm" optimistic-lock="version">
        <id name="id" type="java.lang.Integer">
            <column name="ID" />
            <generator class="identity" />
        </id>
        <property name="no" type="string">
            <column name="No" length="20">
                <comment>&#207;&#238;&#196;&#191;&#177;&#224;&#186;&#197;</comment>
            </column>
        </property>
        <property name="name" type="string">
            <column name="Name" length="200">
                <comment>&#207;&#238;&#196;&#191;&#195;&#251;&#179;&#198;</comment>
            </column>
        </property>
        <property name="scale" type="string">
            <column name="Scale" length="100">
                <comment>&#207;&#238;&#196;&#191;&#188;&#242;&#179;&#198;</comment>
            </column>
        </property>
        <property name="buildUnit" type="string">
            <column name="BuildUnit" length="100">
                <comment>&#189;&#168;&#201;&#232;&#181;&#165;&#206;&#187;</comment>
            </column>
        </property>
        <property name="place" type="string">
            <column name="Place" length="100">
                <comment>&#207;&#238;&#196;&#191;&#181;&#216;&#181;&#227;</comment>
            </column>
        </property>
        <property name="price" type="string">
            <column name="Price" length="20">
                <comment>&#186;&#207;&#205;&#172;&#215;&#220;&#188;&#219;&#163;&#168;&#205;&#242;&#212;&#170;&#163;&#169;</comment>
            </column>
        </property>
        <property name="manager" type="string">
            <column name="Manager" length="100">
                <comment>&#207;&#238;&#196;&#191;&#190;&#173;&#192;&#237;</comment>
            </column>
        </property>
        <property name="startDate" type="date">
            <column name="StartDate" length="10">
                <comment>&#191;&#170;&#185;&#164;&#200;&#213;&#198;&#218;</comment>
            </column>
        </property>
        <property name="schedule" type="string">
            <column name="Schedule" length="200">
                <comment>&#186;&#207;&#205;&#172;&#185;&#164;&#198;&#218;</comment>
            </column>
        </property>
        <property name="content" type="string">
            <column name="Content" length="500">
                <comment>&#207;&#238;&#196;&#191;&#184;&#197;&#191;&#246;</comment>
            </column>
        </property>
        <property name="cost" type="string">
            <column name="Cost" length="20">
                <comment>&#189;&#168;&#176;&#178;&#183;&#209;&#211;&#195;</comment>
            </column>
        </property>
        <property name="progress" type="string">
            <column name="Progress" length="20">
                <comment>&#202;&#169;&#185;&#164;&#189;&#248;&#182;&#200;</comment>
            </column>
        </property>
    </class>
</hibernate-mapping>
