<?xml version="1.0"?>
<!DOCTYPE hibernate-mapping PUBLIC "-//Hibernate/Hibernate Mapping DTD 3.0//EN"
"http://www.hibernate.org/dtd/hibernate-mapping-3.0.dtd">
<!-- Generated 2017-3-31 14:34:12 by Hibernate Tools 5.2.0.CR1 -->
<hibernate-mapping>
    <class name="hibernate.Risksafepg" table="risksafepg" catalog="psm" optimistic-lock="version">
        <id name="id" type="java.lang.Integer">
            <column name="ID" />
            <generator class="identity" />
        </id>
        <property name="shigstage" type="string">
            <column name="shigstage" length="50" />
        </property>
        <property name="safeptime" type="date">
            <column name="safeptime" length="10" />
        </property>
        <property name="bzperson" type="string">
            <column name="bzperson" length="20" />
        </property>
        <property name="shperson" type="string">
            <column name="shperson" length="20" />
        </property>
        <property name="accessory" type="string">
            <column name="Accessory" length="500" />
        </property>
        <property name="projectName" type="string">
            <column name="ProjectName" length="200" />
        </property>
    </class>
</hibernate-mapping>
