<?xml version="1.0"?>
<!DOCTYPE hibernate-mapping PUBLIC "-//Hibernate/Hibernate Mapping DTD 3.0//EN"
"http://www.hibernate.org/dtd/hibernate-mapping-3.0.dtd">
<!-- Generated 2017-4-18 10:04:40 by Hibernate Tools 5.2.0.CR1 -->
<hibernate-mapping>
    <class name="hibernate.Safetyprotocal" table="safetyprotocal" catalog="psm" optimistic-lock="version">
        <id name="id" type="java.lang.Integer">
            <column name="ID" />
            <generator class="identity" />
        </id>
        <property name="type" type="string">
            <column name="Type" length="200">
                <comment>&#208;&#173;&#210;&#233;&#192;&#224;&#208;&#205;</comment>
            </column>
        </property>
        <property name="name" type="string">
            <column name="Name" length="200">
                <comment>&#208;&#173;&#210;&#233;&#195;&#251;&#179;&#198;</comment>
            </column>
        </property>
        <property name="date" type="string">
            <column name="Date" length="100">
                <comment>&#199;&#169;&#182;&#169;&#202;&#177;&#188;&#228;</comment>
            </column>
        </property>
        <property name="accessory" type="string">
            <column name="Accessory" length="500">
                <comment>&#184;&#189;&#188;&#254;</comment>
            </column>
        </property>
        <property name="fbname" type="string">
            <column name="Fbname" length="200">
                <comment>&#183;&#214;&#176;&#252;&#181;&#165;&#206;&#187;&#195;&#251;&#179;&#198;</comment>
            </column>
        </property>
        <property name="projectName" type="string">
            <column name="ProjectName" length="200" />
        </property>
    </class>
</hibernate-mapping>
