<?xml version="1.0"?>
<!DOCTYPE hibernate-mapping PUBLIC "-//Hibernate/Hibernate Mapping DTD 3.0//EN"
"http://www.hibernate.org/dtd/hibernate-mapping-3.0.dtd">
<!-- Generated 2016-10-20 16:15:30 by Hibernate Tools 5.2.0.Beta1 -->
<hibernate-mapping>
	<class name="hibernate.Saftycosttj" table="Saftycosttj" catalog="psm"
		optimistic-lock="version">
		<id name="id" type="java.lang.Integer">
			<column name="ID" />
			<generator class="identity" />
		</id>
		<property name="subjectnum" type="string">
			<column name="subjectnum" length="15" />
		</property>
		<property name="costkind" type="string">
			<column name="costkind" length="50" />
		</property>
		<property name="year" type="string">
			<column name="year" length="10" />
		</property>
		<property name="cost" type="string">
			<column name="cost" length="20" />
		</property>
		<property name="costrealtime" type="string">
			<column name="costrealtime" length="20" />
		</property>
		<property name="accessory" type="string">
            <column name="Accessory" length="500" />
        </property>
        

	</class>
</hibernate-mapping>