<?xml version="1.0"?>
<!DOCTYPE hibernate-mapping PUBLIC "-//Hibernate/Hibernate Mapping DTD 3.0//EN"
"http://www.hibernate.org/dtd/hibernate-mapping-3.0.dtd">
<!-- Generated 2017-3-31 10:34:07 by Hibernate Tools 5.2.0.CR1 -->
<hibernate-mapping>
    <class name="hibernate.Saftyaccounts" table="saftyaccounts" catalog="psm" optimistic-lock="version">
        <id name="id" type="java.lang.Integer">
            <column name="ID" />
            <generator class="identity" />
        </id>
        <property name="subjectnum" type="string">
            <column name="subjectnum" length="15" />
        </property>
        <property name="costkind" type="string">
            <column name="costkind" length="50" />
        </property>
        <property name="costetails" type="string">
            <column name="costetails" length="500" />
        </property>
        <property name="applysector" type="string">
            <column name="applysector" length="20" />
        </property>
        <property name="costuse" type="string">
            <column name="costuse" length="50" />
        </property>
        <property name="amount" type="string">
            <column name="amount" length="20" />
        </property>
        <property name="manager" type="string">
            <column name="manager" length="15" />
        </property>
        <property name="registerperson" type="string">
            <column name="registerperson" length="15" />
        </property>
        <property name="approtime" type="date">
            <column name="approtime" length="10" />
        </property>
        <property name="accessory" type="string">
            <column name="accessory" length="500" />
        </property>
        <property name="remarks" type="string">
            <column name="remarks" length="300" />
        </property>
        <property name="checksituation" type="string">
            <column name="checksituation" length="200" />
        </property>
        <property name="projectName" type="string">
            <column name="ProjectName" length="200" />
        </property>
    </class>
</hibernate-mapping>
