<?xml version="1.0"?>
<!DOCTYPE hibernate-mapping PUBLIC "-//Hibernate/Hibernate Mapping DTD 3.0//EN"
"http://www.hibernate.org/dtd/hibernate-mapping-3.0.dtd">
<!-- Generated 2016-10-20 16:15:30 by Hibernate Tools 5.2.0.Beta1 -->
<hibernate-mapping>
    <class name="hibernate.Saftycost" table="saftycost" catalog="psm" optimistic-lock="version">
    
        <id name="id" type="java.lang.Integer">
            <column name="ID" />
            <generator class="identity" />
        </id>
        <property name="subjectnum" type="string">
            <column name="subjectnum" length="15" />
        </property>
        <property name="costkind" type="string">
            <column name="costkind" length="50"/>
        </property>
        <property name="costetails" type="string">
            <column name="costetails" length="500" />
        </property>
        <property name="jan" type="java.lang.Integer">
            <column name="jan" />
        </property>
        <property name="feb" type="java.lang.Integer">
            <column name="feb" />
        </property>
        <property name="mar" type="java.lang.Integer">
            <column name="mar" />
        </property>
        <property name="apr" type="java.lang.Integer">
            <column name="apr" />
        </property>
        <property name="may" type="java.lang.Integer">
            <column name="may" />
        </property>
        <property name="june" type="java.lang.Integer">
            <column name="june" />
        </property>
        <property name="july" type="java.lang.Integer">
            <column name="july" />
        </property>
        <property name="aug" type="java.lang.Integer">
            <column name="aug" />
        </property>
        <property name="sept" type="java.lang.Integer">
            <column name="sept" />
        </property>
        <property name="oct" type="java.lang.Integer">
            <column name="octo" />
        </property>
        <property name="nov" type="java.lang.Integer">
            <column name="nov" />
        </property>
        <property name="dec" type="java.lang.Integer">
            <column name="dece" />
        </property>
        <property name="sumcost" type="java.lang.Integer">
            <column name="sumcost" />
        </property>
        <property name="planorcost" type="java.lang.Integer">
            <column name="planorcost" />
        </property>
    </class>
</hibernate-mapping>
