<?xml version="1.0"?>
<!DOCTYPE hibernate-mapping PUBLIC "-//Hibernate/Hibernate Mapping DTD 3.0//EN"
"http://www.hibernate.org/dtd/hibernate-mapping-3.0.dtd">
<!-- Generated 2017-2-17 10:49:06 by Hibernate Tools 5.2.0.CR1 -->
<hibernate-mapping>
	<class name="hibernate.Saftyproblem" table="saftyproblem"
		catalog="psm" optimistic-lock="version">
		<id name="id" type="java.lang.Integer">
			<column name="ID" />
			<generator class="identity" />
		</id>
		<property name="kind" type="string">
			<column name="kind" length="100" />
		</property>
		<property name="subkind" type="string">
			<column name="subkind" length="100" />
		</property>
		<property name="showkind" type="string">
			<column name="showkind" length="100" />
		</property>
		<property name="score" type="java.lang.Integer">
			<column name="score" />
		</property>
		<property name="accessory" type="string">
			<column name="Accessory" length="500" />
		</property>
	</class>
</hibernate-mapping>
