<?xml version="1.0"?>
<!DOCTYPE hibernate-mapping PUBLIC "-//Hibernate/Hibernate Mapping DTD 3.0//EN"
"http://www.hibernate.org/dtd/hibernate-mapping-3.0.dtd">
<!-- Generated 2017-4-19 10:22:30 by Hibernate Tools 5.2.0.CR1 -->
<hibernate-mapping>
    <class name="hibernate.Saveproplan" table="saveproplan" catalog="psm" optimistic-lock="version">
        <id name="id" type="java.lang.Integer">
            <column name="ID" />
            <generator class="identity" />
        </id>
        <property name="anweihui" type="date">
            <column name="Anweihui" length="10">
                <comment>&#179;&#201;&#193;&#162;&#176;&#178;&#206;&#175;&#187;&#225;</comment>
            </column>
        </property>
        <property name="threeGroup" type="date">
            <column name="ThreeGroup" length="10">
                <comment>&#179;&#201;&#193;&#162;&#200;&#253;&#207;&#238;&#210;&#181;&#206;&#241;&#193;&#236;&#181;&#188;&#208;&#161;&#215;&#233;</comment>
            </column>
        </property>
        <property name="fourBuild" type="date">
            <column name="FourBuild" length="10">
                <comment>&#161;&#176;&#203;&#196;&#184;&#246;&#212;&#240;&#200;&#206;&#204;&#229;&#207;&#181;&#161;&#177;&#189;&#168;&#201;&#232;</comment>
            </column>
        </property>
        <property name="saveBuild" type="date">
            <column name="SaveBuild" length="10">
                <comment>
                &#177;&#224;&#214;&#198;&#176;&#178;&#200;&#171;&#201;&#250;&#178;&#250;&#163;&#168;&#186;&#172;&#200;&#253;&#207;&#238;&#210;&#181;&#206;&#241;&#163;&#169;&#183;&#209;&#211;&#195;&#205;&#182;&#200;&#235;&#188;&#198;&#187;&#174;</comment>
            </column>
        </property>
        <property name="savePlan" type="date">
            <column name="SavePlan" length="10">
                <comment>&#177;&#224;&#214;&#198;&#176;&#178;&#200;&#171;&#189;&#204;&#211;&#253;&#197;&#224;&#209;&#181;&#188;&#198;&#187;&#174;</comment>
            </column>
        </property>
        <property name="saveCheck" type="date">
            <column name="SaveCheck" length="10">
                <comment>&#176;&#178;&#200;&#171;&#188;&#236;&#178;&#233;&#188;&#176;&#210;&#254;&#187;&#188;&#197;&#197;&#178;&#233;&#214;&#206;&#192;&#237;</comment>
            </column>
        </property>
        <property name="buildPlan" type="date">
            <column name="BuildPlan" length="10">
                <comment>&#177;&#224;&#214;&#198;&#215;&#168;&#207;&#238;&#202;&#169;&#185;&#164;&#183;&#189;&#176;&#184;</comment>
            </column>
        </property>
        <property name="handlePlan" type="date">
            <column name="HandlePlan" length="10">
                <comment>
                &#177;&#224;&#214;&#198;&#211;&#166;&#188;&#177;&#212;&#164;&#176;&#184;&#188;&#176;&#207;&#214;&#179;&#161;&#180;&#166;&#214;&#195;&#183;&#189;&#176;&#184;</comment>
            </column>
        </property>
        <property name="saveBuildPlan" type="date">
            <column name="SaveBuildPlan" length="10">
                <comment>
                &#176;&#178;&#200;&#171;&#201;&#250;&#178;&#250;&#177;&#234;&#215;&#188;&#187;&#175;&#188;&#176;&#206;&#196;&#195;&#247;&#202;&#169;&#185;&#164;&#187;&#174;&#178;&#223;</comment>
            </column>
        </property>
        <property name="dangerPublic" type="date">
            <column name="DangerPublic" length="10">
                <comment>&#206;&#163;&#207;&#213;&#212;&#180;&#177;&#230;&#202;&#182;&#211;&#235;&#183;&#162;&#178;&#188;</comment>
            </column>
        </property>
        <property name="executePlan" type="date">
            <column name="ExecutePlan" length="10">
                <comment>
                &#214;&#198;&#182;&#168;&#176;&#178;&#200;&#171;&#201;&#250;&#178;&#250;&#199;&#191;&#214;&#198;&#208;&#212;&#204;&#245;&#206;&#196;&#214;&#180;&#208;&#208;&#188;&#198;&#187;&#174;</comment>
            </column>
        </property>
        <property name="workPlan" type="date">
            <column name="WorkPlan" length="10">
                <comment>
                &#177;&#224;&#214;&#198;&#200;&#253;&#207;&#238;&#210;&#181;&#206;&#241;&#177;&#163;&#213;&#207;&#180;&#235;&#202;&#169;&#188;&#176;&#185;&#164;&#215;&#247;&#188;&#198;&#187;&#174;</comment>
            </column>
        </property>
        <property name="accessory" type="string">
            <column name="Accessory" length="500" />
        </property>
        <property name="projectName" type="string">
            <column name="ProjectName" length="200" />
        </property>
    </class>
</hibernate-mapping>
