<?xml version="1.0"?>
<!DOCTYPE hibernate-mapping PUBLIC "-//Hibernate/Hibernate Mapping DTD 3.0//EN"
"http://www.hibernate.org/dtd/hibernate-mapping-3.0.dtd">
<!-- Generated 2017-5-17 10:51:49 by Hibernate Tools 5.1.0.Beta1 -->
<hibernate-mapping>
    <class name="hibernate.Securityplan" table="securityplan" catalog="psm" optimistic-lock="version">
        <id name="id" type="java.lang.Integer">
            <column name="ID" />
            <generator class="identity" />
        </id>
        <property name="accessory" type="string">
            <column name="Accessory" length="500" />
        </property>
        <property name="title" type="string">
            <column name="Title" length="20" />
        </property>
        <property name="userName" type="string">
            <column name="UserName" length="20" />
        </property>
        <property name="time" type="date">
            <column name="Time" length="10" />
        </property>
        <property name="timeyear" type="string">
            <column name="Timeyear" length="10" />
        </property>
        <property name="fname" type="string">
            <column name="Fname" length="20" />
        </property>
        <property name="projectName" type="string">
            <column name="ProjectName" length="200" />
        </property>
    </class>
</hibernate-mapping>
