<?xml version="1.0"?>
<!DOCTYPE hibernate-mapping PUBLIC "-//Hibernate/Hibernate Mapping DTD 3.0//EN"
"http://www.hibernate.org/dtd/hibernate-mapping-3.0.dtd">
<!-- Generated 2017-4-18 10:04:40 by Hibernate Tools 5.2.0.CR1 -->
<hibernate-mapping>
    <class name="hibernate.Tezhongsbpeople" table="tezhongsbpeople" catalog="psm" optimistic-lock="version">
        <id name="id" type="java.lang.Integer">
            <column name="ID" />
            <generator class="identity" />
        </id>
        <property name="no" type="string">
            <column name="No" length="20">
                <comment>&#208;&#242;&#186;&#197;</comment>
            </column>
        </property>
        <property name="fbName" type="string">
            <column name="FbName" length="20">
                <comment>&#183;&#214;&#176;&#252;&#181;&#165;&#206;&#187;&#195;&#251;&#179;&#198;</comment>
            </column>
        </property>
        <property name="type" type="string">
            <column name="Type" length="20">
                <comment>&#215;&#247;&#210;&#181;&#214;&#214;&#192;&#224;</comment>
            </column>
        </property>
        <property name="project" type="string">
            <column name="Project" length="20">
                <comment>&#215;&#247;&#210;&#181;&#207;&#238;&#196;&#191;</comment>
            </column>
        </property>
        <property name="name" type="string">
            <column name="Name" length="20">
                <comment>&#208;&#213;&#195;&#251;</comment>
            </column>
        </property>
        <property name="gender" type="string">
            <column name="Gender" length="10">
                <comment>&#208;&#212;&#177;&#240;</comment>
            </column>
        </property>
        <property name="cardNo" type="string">
            <column name="CardNo" length="20">
                <comment>&#204;&#216;&#214;&#214;&#201;&#232;&#177;&#184;&#215;&#247;&#210;&#181;&#200;&#203;&#212;&#177;&#214;&#164;&#177;&#224;&#186;&#197;</comment>
            </column>
        </property>
        <property name="beginTime" type="date">
            <column name="BeginTime" length="10">
                <comment>&#183;&#162;&#214;&#164;&#200;&#213;&#198;&#218;</comment>
            </column>
        </property>
        <property name="validTime" type="date">
            <column name="ValidTime" length="10">
                <comment>&#211;&#208;&#208;&#167;&#198;&#218;&#214;&#193;</comment>
            </column>
        </property>
        <property name="unit" type="string">
            <column name="Unit" length="20">
                <comment>&#183;&#162;&#214;&#164;&#187;&#250;&#185;&#216;</comment>
            </column>
        </property>
        <property name="peixun" type="string">
            <column name="Peixun" length="20" />
        </property>
        <property name="ps" type="string">
            <column name="Ps" length="200">
                <comment>&#177;&#184;&#215;&#162;</comment>
            </column>
        </property>
        <property name="accessory" type="string">
            <column name="Accessory" length="500">
                <comment>&#184;&#189;&#188;&#254;</comment>
            </column>
        </property>
        <property name="projectName" type="string">
            <column name="ProjectName" length="200" />
        </property>
    </class>
</hibernate-mapping>
