<?xml version="1.0"?>
<!DOCTYPE hibernate-mapping PUBLIC "-//Hibernate/Hibernate Mapping DTD 3.0//EN"
"http://hibernate.sourceforge.net/hibernate-mapping-3.0.dtd">
<!-- Generated Oct 24, 2016 8:43:19 PM by Hibernate Tools 5.1.0.Beta1 -->
<hibernate-mapping>
    <class name="hibernate.Trainperson" table="trainperson" catalog="psm" optimistic-lock="version">
        <id name="id" type="java.lang.Integer">
            <column name="ID" />
            <generator class="identity" />
        </id>
        <property name="name" type="string">
            <column name="Name" length="20" />
        </property>
        <property name="gender" type="string">
            <column name="Gender" length="20" />
        </property>
        <property name="position" type="string">
            <column name="Position" length="20" />
        </property>
        <property name="idno" type="string">
            <column name="IDNo" length="20" />
        </property>
        <property name="certiType" type="string">
            <column name="CertiType" length="10" />
        </property>
        <property name="certiNo" type="string">
            <column name="CertiNo" length="10" />
        </property>
        <property name="expDate" type="string">
            <column name="ExpDate" length="50" />
        </property>
        <property name="accessory" type="string">
            <column name="Accessory" length="500" />
        </property>
        <property name="tableId" type="string">
            <column name="TableID" length="20" />
        </property>
    </class>
</hibernate-mapping>
