<?xml version="1.0"?>
<!DOCTYPE hibernate-mapping PUBLIC "-//Hibernate/Hibernate Mapping DTD 3.0//EN"
"http://hibernate.sourceforge.net/hibernate-mapping-3.0.dtd">
<!-- Generated Oct 22, 2016 11:58:15 PM by Hibernate Tools 5.1.0.Beta1 -->
<hibernate-mapping>
    <class name="hibernate.Trainplan" table="trainplan" catalog="psm" optimistic-lock="version">
        <id name="id" type="java.lang.Integer">
            <column name="ID" />
            <generator class="identity" />
        </id>
        <property name="content" type="string">
            <column name="Content" length="50" />
        </property>
        <property name="employee" type="string">
            <column name="Employee" length="20" />
        </property>
        <property name="method" type="string">
            <column name="Method" length="20" />
        </property>
        <property name="classDate" type="string">
            <column name="ClassDate" length="20" />
        </property>
        <property name="classTime" type="string">
            <column name="ClassTime" length="10" />
        </property>
        <property name="budget" type="string">
            <column name="Budget" length="10" />
        </property>
        <property name="result" type="string">
            <column name="Result" length="50" />
        </property>
        <property name="accessory" type="string">
            <column name="Accessory" length="500" />
        </property>
        <property name="tableId" type="string">
            <column name="TableID" length="20" />
        </property>
    </class>
</hibernate-mapping>
