<?xml version="1.0"?>
<!DOCTYPE hibernate-mapping PUBLIC "-//Hibernate/Hibernate Mapping DTD 3.0//EN"
"http://www.hibernate.org/dtd/hibernate-mapping-3.0.dtd">
<!-- Generated 2017-4-18 10:04:40 by Hibernate Tools 5.2.0.CR1 -->
<hibernate-mapping>
	<class name="hibernate.TransportSafety" table="transportsafety"
		catalog="psm" optimistic-lock="version">
		<id name="id" type="java.lang.Integer">
			<column name="ID" />
			<generator class="identity" />
		</id>
		<property name="carNum" type="string">
			<column name="CarNum" length="100" />
		</property>
		<property name="carName" type="string">
			<column name="CarName" length="100" />
		</property>
		<property name="department" type="string">
			<column name="Department" length="100" />
		</property>
		<property name="license" type="string">
			<column name="License" length="100" />
		</property>
		<property name="driver" type="string">
			<column name="Driver" length="100" />
		</property>
		<property name="driverNum" type="string">
			<column name="DriverNum" length="100" />
		</property>
		<property name="maintenance" type="string">
			<column name="Maintenance" length="100" />
		</property>
		<property name="projectName" type="string">
			<column name="ProjectName" length="200" />
		</property>
	</class>
</hibernate-mapping>
