<?xml version="1.0"?>
<!DOCTYPE hibernate-mapping PUBLIC "-//Hibernate/Hibernate Mapping DTD 3.0//EN"
"http://www.hibernate.org/dtd/hibernate-mapping-3.0.dtd">
<!-- Generated 2017-4-1 20:03:49 by Hibernate Tools 5.2.0.CR1 -->
<hibernate-mapping>
    <class name="hibernate.Yingjijyzz" table="yingjijyzz" catalog="psm" optimistic-lock="version">
        <id name="id" type="java.lang.Integer">
            <column name="ID" />
            <generator class="identity" />
        </id>
        <property name="zuizhiname" type="string">
            <column name="zuizhiname" length="50" />
        </property>
        <property name="clortz" type="string">
            <column name="clortz" length="50" />
        </property>
        <property name="clortztime" type="date">
            <column name="clortztime" length="10" />
        </property>
        <property name="fuzeren" type="string">
            <column name="fuzeren" length="50" />
        </property>
        <property name="chengyuan" type="string">
            <column name="chengyuan" length="200" />
        </property>
        <property name="gongzuojg" type="string">
            <column name="gongzuojg" length="50" />
        </property>
        <property name="accessory" type="string">
            <column name="Accessory" length="500" />
        </property>
        <property name="projectName" type="string">
            <column name="ProjectName" length="200" />
        </property>
    </class>
</hibernate-mapping>
